"PSComputerName","RunspaceId","PSShowComputerName","Value"
"SRVDE079","7e61b538-0339-4ef5-910d-49061ee3b73b","True","Running"
"SRVDE085","346ae159-4435-4bea-8d71-e0cbe34913d5","True","Stopped"
"SRVDE181","09eb719b-c443-4d16-8be0-90039174442b","True","Running"
"SRVDE3005","15dac358-b865-436d-b98f-31c363c19ced","True","Running"
"SRVDE3007","fd70aed3-517b-4fd1-b3e1-01b8e3e6ad9e","True","Running"
"SRVDE4000","49d244f3-d4a3-4192-bf4c-ca500938a96f","True","Running"
"SRVDE434","ed38b25e-650a-41eb-9216-f549358f6bb8","True","Running"
"SRVDE435","ebe78fea-4202-4afc-a665-981551c63a76","True","Running"
"SRVDE461","ea859681-cb90-44b0-baa1-c45ba9769435","True","Running"
"SRVDE462","6a77807e-8dfb-4b35-a3ab-23e8b1a2c873","True","Running"
"SRVDE470","c7266fe3-d288-40d4-bd27-8bfceced962d","True","Stopped"
"SRVDE471","c50bd2a5-110b-4b86-b805-9ce3e0689732","True","Stopped"
"SRVDE472","ed8be39d-c9ec-4f19-9505-2cc20d6be0db","True","Stopped"
"SRVDE473","6a536953-2f0a-4c9c-818f-631b5c6dac5e","True","Stopped"
"SRVDE925","389f4d9a-33f4-4b25-a273-eaa68ae955b3","True","Stopped"
"SRVDE980","99ecc819-e268-40c7-80d1-00714146c635","True","Stopped"
"SRVDE981","294a103e-1bd9-4d84-9288-e4ef2e87258c","True","Stopped"
"SRVDE990","ef3f94d0-4978-4047-ad8a-190470f94e51","True","Stopped"
"SRVDE991","b55b23d6-26ce-4e1b-9ece-c8a38337d651","True","Stopped"
